{
    "normals":[-1,-0,0,0,-1,0,1,-0,0,-0,1,0,0,6.37168e-08,1,0,-3.18584e-08,-1],
    "faces":[33,0,1,3,2,0,0,0,0,33,2,3,7,6,1,1,1,1,33,6,7,5,4,2,2,2,2,33,1,0,4,5,3,3,3,3,33,4,0,2,6,4,4,4,4,33,7,3,1,5,5,5,5,5],
    "vertices":[0.703586,-0.119861,-0.143311,0.703586,-0.119861,-0.10782,0.703586,0.114005,-0.143311,0.703586,0.114005,-0.10782,0.674215,-0.119861,-0.143311,0.674215,-0.119861,-0.10782,0.674215,0.114005,-0.143311,0.674215,0.114005,-0.10782],
    "uvs":[],
    "metadata":{
        "normals":6,
        "faces":6,
        "version":3,
        "uvs":0,
        "type":"Geometry",
        "vertices":8,
        "generator":"io_three"
    }
}