{
    "normals":[-1,-0,0,0,-1,0,1,-0,0,-0,1,0,0,1.59292e-08,1,0,-1.59292e-08,-1],
    "materials":[{
        "DbgIndex":0,
        "shading":"phong",
        "transparent":false,
        "opacity":1,
        "visible":true,
        "colorSpecular":[0.5,0.5,0.5],
        "doubleSided":false,
        "blending":"NormalBlending",
        "DbgColor":15658734,
        "DbgName":"Material",
        "colorDiffuse":[0.8,0.8,0],
        "specularCoef":50,
        "colorEmissive":[0.8,0.8,0],
        "depthTest":true,
        "depthWrite":true,
        "wireframe":false
    }],
    "faces":[35,0,1,3,2,0,0,0,0,0,35,2,3,7,6,0,1,1,1,1,35,6,7,5,4,0,2,2,2,2,35,1,0,4,5,0,3,3,3,3,35,4,0,2,6,0,4,4,4,4,35,7,3,1,5,0,5,5,5,5],
    "uvs":[],
    "metadata":{
        "normals":6,
        "materials":1,
        "version":3,
        "uvs":0,
        "type":"Geometry",
        "faces":6,
        "vertices":8,
        "generator":"io_three"
    },
    "vertices":[0.0125198,-0.118617,-0.0273707,0.0125198,-0.118617,0.00812016,0.0125198,0.115249,-0.0273707,0.0125198,0.115249,0.00812015,-0.0168514,-0.118617,-0.0273707,-0.0168514,-0.118617,0.00812016,-0.0168514,0.115249,-0.0273707,-0.0168514,0.115249,0.00812015]
}