{
    "normals":[-1,0,0,-0,0,1,1,0,0,0,0,-1,0,1,-4.77876e-08,0,-1,4.77876e-08],
    "faces":[33,0,1,3,2,0,0,0,0,33,2,3,7,6,1,1,1,1,33,6,7,5,4,2,2,2,2,33,1,0,4,5,3,3,3,3,33,4,0,2,6,4,4,4,4,33,7,3,1,5,5,5,5,5],
    "vertices":[0.703586,-0.0206733,-0.00863291,0.703586,0.0148176,-0.00863291,0.703586,-0.0206733,-0.242498,0.703586,0.0148176,-0.242498,0.674215,-0.0206733,-0.00863291,0.674215,0.0148176,-0.00863291,0.674215,-0.0206733,-0.242498,0.674215,0.0148176,-0.242498],
    "uvs":[],
    "metadata":{
        "normals":6,
        "faces":6,
        "version":3,
        "uvs":0,
        "type":"Geometry",
        "vertices":8,
        "generator":"io_three"
    }
}